원단구분,용도,혼용율,구성원사/번수,밀도,조직,후가공,상품명,단위면적당 무게,두께
WOVEN,Active,NYLON 100%,"N20D 1WAY SPAN, 경사: N20D/24F FD DTY 위사: REGEN20.20 F.Y FD+PU20D",,,,Shan-680RE,5.657,0.18
WOVEN,Active,POLYESTER 100%,,,2/1 TWILL(左方向),,528128,6.313,0.12
WOVEN,Top,NYLON 100%,,,,,COSE-AJ-0153,7.071,0.23
WOVEN,Outer," NYLON 66%, POLYESTER 34%",,,PLAIN,MELANGE,678059,7.727,0.15
WOVEN,Top,NYLON 100%,,,,,COTTY-0728WD,8.889,0.25
WOVEN,Top,NYLON 100%,,,,,FINA-PS131BS,8.99,0.23
WOVEN,Outer,NYLON 100%,,,,,678171,8.737,0.21
WOVEN,Outer,"COTTON 54%, NYLON 23%, POLYESTER 23%",,,,"PEACH, WR, PU, OIL, WS",AD-1131 QW,12.879,0.28
WOVEN,Outer,POLYESTER 100%,,,,TRANS PAPER PRINTED(전사 날염),TPR-1134,13.131,0.25
WOVEN,Outer,POLYESTER 100%,,,,"PD, ANTISTATIC(대전방지가공)",EL FRESH SOFT PL,13.182,0.36
WOVEN,Outer,,경사: N140D SD DTY+PU40D 위사: N280D SD DTY+PU40D,,PLAIN,PU,HS-S2301P,11.97,0.29
WOVEN,Outer,"COTTON 61%, NYLON 39%",,,,"PU, BIO, WS",AE-5539 UBO,19.091,0.39
WOVEN,Outer,POLYESTER 100%,,,,,ZENI-54S,20.707,0.34
WOVEN,Outer,"RAYON 60%, POLYESTER 36%, POLYURETHANE 4%",,,,,MISTY-CY-0137,23.586,0.44
WOVEN,Outer,,"N140D 2WAY SPAN, 경사: N140D SD DTY+PU40D 위사: N280D SD DTY+PU40D",,PLAIN,WR,HS-1713,22.172,0.46
WOVEN,Outer,"POLYESTER 62%, COTTON 35%, POLYURETHANE 3%",,,,"PD, WR, MEMORY, STRETCH",AG-3301,24.091,0.43
WOVEN,Outer,NYLON 100%,,,,"PD, WR, AW/NATURAL/GARMENT-WASHED EFFECTIVE COTTON-LIKE HAND FEEL",COTTY-AJ-0157FA,25.354,0.54
WOVEN,Outer,NYLON 100%,,,,,#9110 UTD,25.505,0.44
WOVEN,Outer,"ACETATE 74%, NYLON 23%, POLYURETHANE 3%",,,,,D0766,22.929,0.47
WOVEN,Outer,"ACETATE 60%, POLYESTER 40%",,,,,TD0029,33.283,0.84
WOVEN,Top," VISCOSE RAYON 52%, ACETATE 48%",,,,,D0759,26.818,0.66
WOVEN,Outer,"ACETATE 60%, POLYESTER 40%",,,,,D0807,26.97,0.69
WOVEN,Outer,NYLON 100%,N20D(400T),,PLAIN,,SFT-WKL-001-024,4.04,0.09
WOVEN,Outer,"ACETATE 67%, POLYESTER 33%",,,,,578227,34.798,0.74
WOVEN,Outer," POLYESTER 59%, NYLON 41%",,,,"W/R, HYPER-CHINTZ(친즈가공)",KKB-1130HZ,4.495,0.06
WOVEN,Outer,"F: POLYESTER 100%, B: POLYESTER 62%, COTTON 33%, POLYURETHANE 5%",,,,3 LAYER BREATHABLE,INOSPO/HYDRO3L01151,37.374,1.05
WOVEN,Outer,"CUPRA 49%, COTTON 48%, POLYURETHANE 3%",,,,,SJ-1056,14.444,0.33
WOVEN,Outer,LYOCELL 100%,,,,,SJ-470/A,21.01,0.45
WOVEN,Outer,"POLYESTER 48%, COTTON 40%, NYLON 12%",,,,PIGMENT VINTAGE,GG093PGBW,16.364,0.33
WOVEN,Outer,"POLYESTER 57%, COTTON 29%, NYLON 14%",,,,PD/WR,J-C4016,20.455,0.4
WOVEN,Outer,"POLYESTER 86%, COTTON 14%",,,,"PD,WR, SINGEING",S-C3018,17.222,0.35
WOVEN,Outer,NYLON 100%,,,,DOWNPROOF (IDFL20-1)& DULL,KP-218KP(XP),3.737,0.07
WOVEN,Outer,NYLON 100%,,,,"X-PROOF (DOWNPROOF, EN12132-1)& DULL FACE",PAPI-7604XP,3.889,0.08
WOVEN,Outer,NYLON 100%,,,,,ATTIVO-703,5.152,0.07
WOVEN,Outer,"COTTON 59%, NYLON 4%",,,,"PD, WR, CT(PS), W(B)",M-C3040PB,14.394,0.29
WOVEN,Outer,"COTTON 52%, POLYESTER 22%, WOOL 18%, NYLON 5%, RAYON 3%",,,,,DSS-16,23.333,0.72
WOVEN,Outer,"COTTON 76%, NYLON 21%, POLYURETHANE 3%",,,,,CREAMS,9.293,0.23
WOVEN,Outer,"POLYESTER 55%, SILK 45%",,,,,F/W 4097A,8.333,0.22
WOVEN,Outer,"POLYESTER 95%, POLYURETHANE 5%",,,,"PD, WR",SD84373(SD),31.01,0.86
WOVEN,Outer,"NYLON 86%, POLYURETHANE 14%",,,,"PD, WR",ST12363B,25.152,0.55
WOVEN,Outer,"F: POLYURETHANE 100%, B: HDPE 100%",,,,,TYVEK-UM29,8.586,0.26
WOVEN,Outer,POLYESTER 100%,P/P75D(1450T/M),,PLAIN,,BPT-427HZ,12.879,0.24
WOVEN,Outer,"POLYESTER 83%, NYLON 17%",NP/P75D,,PLAIN,MEMORY,BPT-846,12.727,0.23
WOVEN,Outer,POLYESTER 100%,,,PLAIN,,BBS-033,15.808,0.26
WOVEN,Outer,"COTTON 75%, NYLON 25%",,,,SMART WAX,YCN317-42,17.879,0.36
WOVEN,Outer," COTTON 64%, NYLON 36%",,,,,YNC202-2(A/W),15.707,0.34
WOVEN,Outer,COTTON 100%,,,,,YC606-32,18.333,0.44
WOVEN,Outer,"NYLON 52%, COTTON 43%, POLYURETHANE 5%",,,,"PD, WR",SP14016,13.687,0.36
WOVEN,Outer,SILK 100%,,,,,F/W 4072,7.576,0.21
WOVEN,Outer,"POLYESTER 84%, SILK 16%",,,,,프랑스 장미 자카드,16.212,0.51
KNIT,Outer,"THERMOLITE 76%, POLYESTER 24%",,,,"RAISING, SHEARING",DS 831H 160G,15.253,0.92
KNIT,Outer,"WOOL 78%, COTTON 22%",,,,,WOOL COTTON,28.737,1.42
KNIT,Outer,"POLYESTER 94%, POLYURETHANE 4%",,,,FLEECE,PTK-1378,26.566,1.08
KNIT,Outer,"COTTON 64%, POLYESTER 36%",,,,,J17-0880,24.798,1.14
KNIT,Outer,COTTON 100%,,,,,SLUB DOUBLE PIQUE,23.333,1.07
KNIT,Outer,"COTTON 75%, POLYESTER 25%",,,,,CP-177060R-3,27.273,1.06
KNIT,Outer,"COTTON 82%, POLYURETHANE 18%",,,,ENAMEL CRUSHED,GAIN-1565,32.828,1.23
KNIT,Outer,"POLYESTER 94%, POLYURETHANE 6%",,,,,16050C,30.758,0.88
KNIT,Outer,COTTON 100%,,,,,BACK TWIST F/TERRY,37.424,1.57
KNIT,Outer,"POLYESTER 95%, POLYURETHANE 5%",,,,"RAISING, SHEARING",MF-FD288,29.192,1.29
KNIT,Outer,"NYLON 78%, POLYURETHANE 22%",,,,,SP-M027A BRUSHED,29.697,0.91
KNIT,Outer,POLYESTER 100%,,,,,STNT18(SJ-60232),10,0.35
KNIT,Outer,POLYESTER 100%,,,,FOIL PRINTED,FPR-1118,23.434,0.58
KNIT,Outer,POLYESTER 100%,,,,"W/PU COATED(BRUSHED BACK), WRAP KNIT DAZZLE",#180967,26.717,0.77
KNIT,Outer,"POLYURETHANE 54%, POLYESTER 46%",,,,,REO2 910#BK99+P,22.02,0.55
KNIT,Outer,"POLYURETHANE 53%, POLYESTER 47%",,,,,REO287#NV01,26.616,0.66
KNIT,Outer,"POLYESTER 52%, POLYURETHANE 48%",,,,,RSE729#BK99,28.687,0.67
KNIT,Outer,"POLYESTER 80%, POLYURETHANE 20%, ",,,,,DRS28(B) 618#PP01+W,26.313,0.69
KNIT,Outer,POLYESTER 100%,,,,,KCF-1127,26.616,1.49
KNIT,Outer,"COTTON, POLY, POLYURETHANE",,,,,SHSF-017,29.495,1.1
KNIT,Outer,"POLY, POLYURETHANE",,,,,SHSF-014,27.677,0.86
KNIT,Outer,"POLYESTER 96%, POLYURETHANE 4%",,,,,KCF-2067 ST,31.717,1.55
KNIT,Outer,"POLYESTER 95%, POLYURETHANE 5%",,,,,KCF-16-008,29.444,1.1
KNIT,Outer,,,,,,,16.768,1.06
KNIT,Outer,"POLYESTER 94%, POLYURETHANE 6%",,,,,KCF-16-123,23.99,1.31
WOVEN,Active,NYLON 100%,,,,"PD, WR",SN-115C6AWSC0,3.434,0.07
WOVEN,Active,NYLON 100%,,,,"PD, WR, TPS, A/WS",#1623 TPS A/WS,4.091,0.07
WOVEN,Active,NYLON 100%,,,,"WR, AIRSHELL",#1003 WR,3.384,0.13
WOVEN,Active,NYLON 100%,,,,"PD, WR, HW",#1623 HW,4.949,0.11
WOVEN,Active,"NYLON 82%, POLYURETHANE 18%",,,,"2L(WP5000/MVP5000), AIRSHELL",#1032 C2L,10.101,0.22
WOVEN,Active,"NYLON 82%, POLYURETHANE 18%",,,,"PD, WR, DP, #1829 WIDE VER",#1840 DP,9.343,0.24
WOVEN,Active,"NYLON 82%, POLYURETHANE 18%",N30D 2WAY,,,WR,#1826 WR,10.202,0.27
WOVEN,Active,"NYLON 81%, POLYURETHANE 19%",,333*186,,"PD, WR",#1834,12.374,0.35
WOVEN,Active,"NYLON 88%, POLYURETHANE 12%",,,,"PD, WR",#1711 WR,12.323,0.32
WOVEN,Active,"NYLON 90%, POLYURETHANE 10%",,,DOUBLE,W/R,#1750,12.929,0.38
WOVEN,Outer,"CORDURA 50%, COTTON 50%",,,,"PD, WR",SMV-112,13.939,0.33
WOVEN,Outer,POLYESTER 100%,,,,"PD, WR",MQ36-SH,15.253,0.3
WOVEN,Active,"NYLON 86%, POLYURETHANE 14%",,,,"PD, WR",#1752 PD WR,17.222,0.36
WOVEN,Outer,"COTTON 63%, NYLON 37%",,,,"NATURALMIXTURE, PD, WR",YE223,17.172,0.37
WOVEN,Outer,POLYESTER 100%,,,,"PD, WR",SM-1615,18.03,0.34
WOVEN,Outer,"COTTON 65%, NYLON 35%",,,,"PD, WR, PEACH, PU C/T, A/WS",#YPS-15077,10.253,0.24
WOVEN,Outer,"POLYESTER 93%, KEVLAR 7%",,,,"WR, PU",#7135 PU,29.747,0.49
WOVEN,Active,POLYESTER 100%,,,2LAYER,"PD, WR",H2O-P356R,15.101,0.28
WOVEN,Active,"NYLON 89%, POLYURETHANE 11%",N20D*(N30D+PU20D),,,"PD, WR, COATED, A.WS, COTTON LIKE NYLON WEFT STRETCH",H2O-XN560,11.717,0.28
WOVEN,Top,"POLYESTER 52%, VISCOSE RAYON 48%",,,,,VISTER 2200,6.869,0.12
WOVEN,Top,POLYESTER 100%,,,,,SINNA 202,4.848,0.1
WOVEN,Active,POLYESTER 100%,,,,,JQ 0600,6.414,0.13
WOVEN,Top,POLYESTER 100%,,,,,JQ 9090,9.04,0.2
WOVEN,Top,ACETATE 100%,,,,,JQ 3800 LIGHT,7.273,0.17
WOVEN,Top,"ACETATE 51%, POLYESTER 49%",,,,,ACEP 2700,7.879,0.16
WOVEN,Active,"ACETATE 51%, POLYESTER 49%",,,,,JQ 2600,8.485,0.18
WOVEN,Outer,"NYLON 92%, POLYURETHANE 8%",,,,PD WR,SD13123,23.081,0.6
KNIT,Active,"POLYESTER 96%, POLYURETHANE 4%",,,,,TI-7113,11.364,0.53
KNIT,Active,"RAYON 46%, COTTON 20%, POLYESTER 28%, POLYURETHANE 6%",,,,,AS-505,14.949,0.46
KNIT,Active,,,,,,AQX70/68 SP20,16.162,0.46
KNIT,Active,,,,,,75/72 SP20,15.202,0.5
KNIT,Active,"NYLON 80%, POLYURETHANE 20%",,,,,FD-4128,20.455,0.55
KNIT,Active,"POLYESTER 95%, POLYURETHANE 5%",,,,,TN128,20.505,0.56
KNIT,Active,"POLYESTER 82%, POLYURETHANE 18%",,,,,AK-2133 (L),22.222,0.54
KNIT,Active,"POLYESTER 74%, POLYURETHANE 26%",,,,,DT-2135,23.586,0.61
KNIT,Active,"POLYESTER 95%, POLYURETHANE 5%",,,,,TN513,25.606,0.68
KNIT,Outer,"NYLON6 77%, POLYURETHANE 23%",,,,,15033A,27.374,0.64
KNIT,Active,"POLYESTER 95%, POLYURETHANE 5%",,,,,TN246-2,30.404,0.77
KNIT,Outer,"NYLON 85%, POLYURETHANE 15%",,,,,NY ATY SP70,32.576,0.8
KNIT,Active,"POLYESTER 90%, POLYURETHANE 10%",,,,,TN239-4,29.343,0.63
KNIT,Active,"POLYESTER 85%, POLYURETHANE 15%",,,,,14123A,31.061,0.78
KNIT,Active,"POLYESTER 89%, POLYURETHANE 11%",,,,,SP-8075P,14.394,0.51
KNIT,Active,"POLYESTER 92%, POLYURETHANE 8%",,,,,SP-7193P,17.626,0.57
KNIT,Active," POLYESTER 62%, NYLON 25%, POLYURETHANE 13%",,,,,SPH-180NP,9.949,0.36
KNIT,Active,"POLYESTER 89%, POLYURETHANE 11%",,,,,SPH-330P,14.495,0.39
KNIT,Active,"POLYESTER 95%, POLYURETHANE 5%",,,,,SJD-427P,22.222,0.73
KNIT,Active,"POLYESTER 91%, POLYURETHANE 9%",,,,,SJQ-1203P-F,13.99,0.57
KNIT,Active,"MODAL 50%, COTTON 40%, POLYURETHANE 10%",,,,,TEX-6709,18.081,0.66
KNIT,Active,"POLYESTER 53%, NYLON 35%, POLYURETHANE 12%",,,,,OP-4036NP,16.263,0.47
KNIT,Active,"NYLON 60%, POLYURETHANE 40%",,,,,OP-4017N,16.313,0.44
KNIT,Active,"NYLON 76%, POLYURETHANE 24%",,,,,DNT-4034,16.616,0.4
KNIT,Active,"NYLON 71%, POLYURETHANE 29%",,,,,DNNT-6545,20.253,0.43
KNIT,Active,"MODAL 97%, POLYURETHANE 3%",,,,,TEX-7067,25.404,0.81
KNIT,Active,"NYLON 80%, POLYURETHANE 20%",,,,WET PRINT,KIRA-110,20.455,0.59
KNIT,Active,"NYLON 61%, POLYURETHANE 39%",,,,WET PRINT,12F115,24.747,0.67
KNIT,Active,"NYLON 81%, POLYURETHANE 19%",,,,WET PRINT,12F179A,19.798,0.65
KNIT,Active,"POLYESTER 89%, POLYURETHANE 11%",,,,,SP-8075P,13.99,0.5
KNIT,Active,"POLYESTER 91%, POLYURETHANE 9%",,,,,SP-7157P,21.111,0.67
KNIT,Active,,,,,,CDP75D SP40,15.455,0.54
KNIT,Outer,"POLYESTER 52%, PTT 48%",,,,,SMKW-5084-105,22.071,0.66
KNIT,Active,"NYLON 75%, POLYURETHANE 25%",,,,,DNT-6645,16.919,0.41
KNIT,Outer,"POLYESTER 52%, PTT 48%",,,,,SMKW-5084-108,21.465,0.53
WOVEN,Top,,,,,,,6.667,0.24
WOVEN,Top,"COTTON 70%, POLYESTER 30%",,,,,SI-4651/T,10.505,0.26
WOVEN,Top,COTTON 100%,C50'S,123*93,,,SFT-WLL-010-009,9.697,0.34
WOVEN,Top,"MODAL 72%, POLYESTER 28%",,,,,V4062-1,10.96,0.29
WOVEN,Top,COTTON 100%,,,,DYED,오가닉 60수 솔리드,6.919,0.24
WOVEN,Top,COTTON 100%,C60'S,140*140,,,SFT-WKG-009-008,10.253,0.22
WOVEN,Top,POLYESTER 100%,,,,,JWPS226,8.384,0.26
WOVEN,Top,POLYESTER 100%,,,,,BPTS-PE14184P,11.162,0.35
WOVEN,Top,"COTTON 85%, LINEN 15%",21L/C*40'S,68*66,,,SFT-WLL-015-003,11.717,0.33
WOVEN,Top,CUPRA 100%,,,,,SJ-732,9.343,0.21
WOVEN,Top,,,,PLAIN,CREPE ,CJ-510,14.848,0.41
WOVEN,Top,"MODAL 70%, POLYESTER 30%",MICRO MO40'S*P75D,160*96,1/2 TWILL WITH STRETCH,SANFORIZING FINISH,BPTS-PN12094,14.848,0.41
WOVEN,Top,VISCOSE RAYON 100%,,,,,V5767,13.99,0.28
WOVEN,Top,,,,,,TB-2901-1,14.141,0.36
WOVEN,Top,POLYESTER 100%,,,,,HN 2704 W/S,12.222,0.33
WOVEN,Top,"ACETATE 76%, POLYESTER 24%",,,,,TD 0172,15.657,0.47
WOVEN,Top,POLYESTER 100%,,,,"UV BLOCKING COOL FEELING, QUICK ABSORPTION & FAST DRYING",NOBLE 1048 DS PRINT 2,19.949,0.48
WOVEN,Top,"ACETATE 71%, POLYESTER 29%",,,,4PLY CREPE ,578077,21.01,0.6
WOVEN,Top,"ACETATE 65%, POLYESTER 35%",,,,,TD0243,20.101,0.56
WOVEN,Top,"ACETATE 79%, POLYESTER 21%",,,,,578033,22.323,0.59
WOVEN,Top,POLYESTER 100%,,,,,TMK5500,24.444,0.64
WOVEN,Top,"MODAL 80%, SILK 20%",,,,,150310-2,5.758,0.21
WOVEN,Top,"COTTON 62%, POLYESTER 38%",,,,,DSS-07,7.576,0.37
WOVEN,Top,"WOOL 94%, SILK 6%",,,,,160302,12.929,0.51
WOVEN,Top,"ACETATE 78%, POLYESTER 22%",,,,,D0770,28.737,0.65
WOVEN,Top,"ACETATE 76%, POLYESTER 24%",,,,,577390,23.737,0.56
KNIT,Top,"POLYESTER 65%, RAYON 35%",,,,"SOLID REACTIVE DYE, SPRAY WASHING",DN-J03568-SR02,12.071,0.45
KNIT,Top,"POLYESTER 51%, COTTON 49%",,,,"SOLID DISPERSE DYE, TENTERING",DN-J03551-SD01,17.879,0.63
KNIT,Top,"MODAL 50%, POLYESTER 45%, LINEN 5%",,,,,TEX-6001,14.444,0.5
KNIT,Top,"COTTON 60%, CLY 40%",,,,,TF-23400A,18.03,0.61
KNIT,Top,"RAYON 67%. ACRYL 29%, POLYURETHANE 4%",,,,"SOLID REACTIVE DYE, SETTING + TENTERING + COMPACT",DN-J53500-SR32,15.152,0.61
KNIT,Top,"POLYESTER 62%, RAYON 34%, POLYURETHANE 4%",,,,"SOLID DISPERSE DYE, SETTING + TENTERING ",DP-J52015-SD30,18.788,0.56
KNIT,Top,"ACRYL 58%, RAYON 38%, POLYURETHANE 4%",,,,"SOLID REACTIVE DYE, SETTING + TENTERING + COMPACT",DN-J51192-SR32,15.051,0.61
KNIT,Top,"RAYON 55%, POLYESTER 45%",,,,"SOLID DISPERSE DYE, TENTERING",DN-J03841-SD01,14.747,0.49
KNIT,Outer,"POLYESTER 53%, COTTON 38%, RAYON 6%, POLYURETHANE 3%",,,,"SOLID DISPERSE DYE, SETTING + TENTERING ",DN-T50122-SD30,22.98,0.99
KNIT,Top,"RAYON 58%, POLYURETHANE 42%",,,,"SOLID DISPERSE DYE, TENTERING",DP-J02010-SD01,16.061,0.46
KNIT,Outer,"COTTON 58%, POLYESTER 38%, POLYURETHANE 4%",,,,"SOLID DISPERSE DYE, SETTING + TENTERING ",DN-T50020-SD30,19.697,0.96
KNIT,Top,"COTTON 64%, POLYESTER 36%",,,RIB,,J18-0933,16.869,0.84
KNIT,Top,"RAYON 55%, POLYESTER 45%",,,,"SOLID REACTIVE DYE, TENTERING",DN-J03590-SR01,17.172,0.71
KNIT,Top,"POLYESTER 40%, LINEN 36%, VISCOSE RAYON 24%",,,JERSEY,,JY-C-3382-7L,17.525,0.55
KNIT,Top,"POLYESTER 73%, RAYON 23%, POLYURETHANE 4%",,,,,SST-S1981,23.687,0.64
KNIT,Active,"RAYON 58%, POLYESTER 42%",,,,"SOLID REACTIVE DYE, TENTERING",DN-J03570-SR01,17.273,0.5
KNIT,Top,"VISCOSE RAYON 55%, POLYESTER 45%",,,,,PH-2089,13.889,0.66
KNIT,Top,COTTON 100%,,,,,SST-S1202,14.545,0.55
KNIT,Top,COTTON 100%,,,,,TEX-6060,23.384,0.81
KNIT,Top,,CM34'S,,JERSEY,,JY-C-1619,12.626,0.49
KNIT,Top,"RAYON 76%, POLYESTER 12%, NYLON 12%",,,,"SOLID DISPERSE DYE, TENTERING + COMPACT ",DN-J01150-SD04,16.313,0.49
KNIT,Top,"RAYON 69%, POLYESTER 31%",,,,"SOLID DISPERSE DYE, TENTERING + COMPACT ",DN-J03488-SD04,12.424,0.49
KNIT,Top,"COTTON 60%, MODAL 40%",,,,,SST-S652-2,13.838,0.51
KNIT,Top,"COTTON 50%, POLYESTER 40%, LINEN 10%",,,,"SOLID DISPERSE DYE, TENTERING",DP-J02011-SD01,16.768,0.51
KNIT,Top,"VISCOSE RAYON 70%, CLY 30%",,,,,PH-1030,17.02,0.42
KNIT,Top,"MODAL 57%, POLYESTER 43%",,,,,J18-0915,16.919,0.54
KNIT,Top,"VISCOSE RAYON 53%, CLY 23%, COTTON 19%, POLYURETHANE 5%",,,,,ST-697,16.919,0.48
KNIT,Top,VISCOSE 100%,,,,,RA-177149CWMG-1,18.636,0.45
KNIT,Top,"MODAL 95%, POLYURETHANE 5%",MO40'S+SP30D,,2*1 RIB,,JY-O-SD869,20.707,0.7
KNIT,Top,"COTTON 70%, POLYESTER 26%, POLYURETHANE 4%",,,,,CP-177087P-3,21.768,0.75
KNIT,Top,"COTTON 60%, POLYESTER 40%",,,,"SOLID BOTHSIDE DYE, TENTERING",DN-J03805-SB01,15.354,0.57
KNIT,Top,,,,TERRY,,JY-O-R3073,23.182,0.73
KNIT,Top,"POLYESTER 77%, RAYON 19%, POLYURETHANE 4%",,,,,SLUB TEXTURED JERSEY,24.343,0.85
KNIT,Outer,"COTTON 96%, POLYURETHANE 4%",,,,"SOLID REACTIVE DYE, SETTING + TENTERING",DN-T50121-SR30,27.929,1.25
KNIT,Active,"RAYON 65%, NYLON 30%, POLYURETHANE 5%",,,,,SST-S3494,26.566,0.74
KNIT,Top,"MODAL 95%, POLYURETHANE 5%",P75D+SP20D,,SINGLE,,JY-O-KW216,14.091,0.5
KNIT,Top,"MODAL 65%, POLYURETHANE 35%",MO30'S+P75D,,,SAND WASH FINISH,BPTS-PN17091,16.212,0.67
KNIT,Top,"MODAL 64%, POLYURETHANE 36%",MO30'S+P75D,,,SAND WASH FINISH,BPTS-8279,18.889,0.65
KNIT,Top,"POLYESTER 46%, LINEN 39%, RAYON 15%",,,PIQUE,,JY-C-3382-4,17.323,0.61
KNIT,Top,"COTTON 57%, POLYESTER 38%, 5%",,,,,TEX-5809,24.495,0.79
KNIT,Top,"RAYON 66%, COTTON 29%, POLYURETHANE 5%",,,,"SOLID REACTIVE DYE, SETTING + TENTERING ",DN-J51182-SR30,23.838,0.91
KNIT,Top,"COTTON 56%, POLYESTER 36%, RAYON 8%",,,,"SOLID DISPERSE DYE, SPRAY WASHING",DN-J03803-SD02,20,0.71
KNIT,Top,"MODAL 68%, POLYESTER 29%, POLYURETHANE 3%",,,,,TEX-7086,28.586,0.86
KNIT,Top,"POLYESTER 67%, RAYON 33%",,,,"SOLID REACTIVE DYE, TENTERING",DN-J03815-SR01,25.101,0.94
WOVEN,Top,POLYESTER 100%,,,,,SI-6532EMBO,5.96,0.2
WOVEN,Active,POLYESTER 100%,,,MESH,P/D ,GTMS-069,3.788,0.32
WOVEN,Top,POLYESTER 100%,,,,,68361,12.071,0.39
WOVEN,Top,POLYESTER 100%,,,,심색가공,68SHP,12.727,0.4
WOVEN,Top,POLYESTER 100%,,,3/2 TWILL,,68ND,11.667,0.38
WOVEN,Top,POLYESTER 100%,,,DOBBY,PD,6899,14.444,0.42
WOVEN,Top,POLYESTER 100%,,,,,SKD-044,18.838,0.44
WOVEN,Top,POLYESTER 100%,,,,,68364,12.475,0.41
WOVEN,Top,POLYESTER 100%,,,,심색가공,68AMEERA,15.051,0.41
WOVEN,Top,POLYESTER 100%,,,,,68LTN,16.818,0.49
WOVEN,Top,POLYESTER 100%,,,,,68ELNAS RENEWAL,13.485,0.43
WOVEN,Outer,"POLYESTER 55%, NYLON 45%",,,,,THR-0021Z,10.101,0.55
WOVEN,Top,POLYESTER 100%,,,,,THR-0003S,12.525,0.38
WOVEN,Top,"ACETATE 70%, VISCOSE RAYON 30%",,,,,D0584,18.333,0.47
WOVEN,Top,"POLYESTER 96%, POLYURETHANE 4%",,,,,SPRB5511,19.545,0.53
WOVEN,Outer,"ACETATE 76%, NYLON 21%, POLYURETHANE 3%",,,,,R0997,19.091,0.29
WOVEN,Outer,SILK 100%,,,,,수직실크,9.697,0.27
KNIT,Top,"NYLON 76%, ME 8%, POLYURETHANE 8%",,,,SOLID,YHC328,16.566,0.94
KNIT,Top,POLYESTER 100%,,,,,CP-150A,16.515,0.73
KNIT,Top,"POLYESTER 95%, POLYURETHANE 5%",,,,,LUC-4,17.424,0.56
KNIT,Top,"NYLON 87%, ME 8%, POLYURETHANE 5%",,,,,RAINBOW,17.828,0.77
KNIT,Active,"POLYESTER 95%, POLYURETHANE 5%",,,SINGLE,,SFT-KMY-044P-018,20.606,0.48
KNIT,Top,"POLYESTER 93%, POLYURETHANE 7%",,,,KNIT PD W/MYSIQUE FOIL,SJ-96667 TURQ,18.687,0.44
KNIT,Top,,,,,,SJ-107892,20.404,0.48
KNIT,Active,"POLYESTER 94%, POLYURETHANE 6%",,,,CIRCULAR KNIT PD WET FINISHED,JERS53(SJ-98118),16.212,0.37
KNIT,Top,POLYESTER 100%,,,,,D-8100,14.596,0.59
KNIT,Top,POLYESTER 100%,,,,,LUC-2,17.828,0.57
KNIT,Top,"POLYESTER 99%,  POLYCARBONATE 1%",,,,,D-6600,16.566,0.65
KNIT,Top,POLYESTER 100%,,,,,S-304,19.04,0.65
KNIT,Top,"POLYESTER 67%, NYLON 24%, POLYURETHANE 9%",,,,TWO TONE VELVET SCREEN PRINT BURN OUT,H180239,17.374,0.52
WOVEN,Active,,,,,,,6.667,0.23
WOVEN,Active,,,,,,,7.071,0.23
KNIT,Outer,,,,,,,31.667,1
KNIT,Outer,,,,,,,31.667,1
KNIT,Top,,,,,,,29.949,0.9
KNIT,Outer,,,,,,,22.929,0.93
KNIT,Outer,,,,,,,28.737,1.01
KNIT,Top,,,,,,,15.909,0.7
KNIT,Top,,,,,,,20.505,0.7
KNIT,Active,,,,,,,19.192,0.72
KNIT,Top,,,,,,,13.737,0.51
WOVEN,Outer,"POLYESTER 91%, POLYURETHANE 9%",,,,,CYSFJ-079,15.051,0.39
WOVEN,Outer,"NYLON 77%, POLYURETHANE 23%",,,,,CYSLS-1026,25.455,0.61
WOVEN,Outer,"POLYESTER 97%, POLYURETHANE 3%",,,,,CYSSC-3111,34.646,0.89
WOVEN,Outer,"NYLON 62%, B 17%, POLYURETHANE 8%",,144*145,,,CYSZD-097,28.99,0.84
WOVEN,Outer,"POLYESTER 97%, POLYURETHANE 3%",,,,,CYSZD-0341_b,16.212,0.44
WOVEN,Outer,"COTTON 97%, POLYURETHANE 3%",,190*90,,,CYSZD-0465,18.687,0.6
WOVEN,Outer,"COTTON 97%, POLYURETHANE 3%",,250*110,,,CYSLJ-1101,25.455,0.53
WOVEN,Outer,"COTTON 97%, POLYURETHANE 3%",,264*117,,,CYSLJ-1086_g,16.667,0.36
WOVEN,Outer,"COTTON 97%, POLYURETHANE 3%",, 250*110,,,CYSLJ-0153,21.97,0.42
WOVEN,Outer,"NYLON 77%, POLYESTER 15%, POLYURETHANE 8%",N70D+NP70D+SP70D,,,,CYSLJ-1086_b,14.444,0.33
WOVEN,Outer,NYLON 100%,N70D*N70D,,,,CYSFY-190018,25.909,0.95
WOVEN,Outer,"NYLON 96%, POLYURETHANE 4%",,,,,CYS09,7.929,0.2
WOVEN,Outer,NYLON 100%,N75D*N100D,,,,CYS25,18.283,0.48
WOVEN,Outer,"COTTON 68%, POLYESTER 32%",C/N80'S 고신축,,,"PD, 유연, TB",CYS30,12.475,0.28
WOVEN,Outer,"COTTON 65%, POLYESTER 35%",C/N60'S 고신축,,,"PD, 표, 유연",3,16.414,0.34
WOVEN,Outer,,,,DOBBY ,,4,19.394,0.41
WOVEN,Outer,"NYLON 54%, COTTON 46%",N/C50'S,,,"PD, WR, SC",5,18.232,0.49
WOVEN,Outer,POLYESTER 100%,P75D,,DOBBY ,"PD, WR, SC",6,11.566,0.27
WOVEN,Outer,"COTTON 64%, POLYESTER 36%",C/P40'S 고신축,,TWILL,"PD, 유연",8,16.465,0.36
WOVEN,Outer,POLYESTER 100%,P/P300D,,,"PD, 유연",10,19.04,0.41
WOVEN,Outer,"NYLON 57%, COTTON 33%, POLYURETHANE 10%",N/C50'S 2WAY,,,"PD, 유연",13,17.879,0.38
WOVEN,Outer,NYLON 100%,N/N70D,,PLAIN,"PD, WR",15,21.465,0.64
WOVEN,Outer,"POLYESTER 40%, COTTON 39%, POLYURETHANE 11%, NYLON 10%",NP/C20 SPAN,,,"PD, 표, 유연",16,11.061,0.26
WOVEN,Outer,"NYLON 76%, COTTON 24%",N/C210*20,,OXFORD,"PD, WR",19,20.354,0.4
WOVEN,Outer,"COTTON 61%, NYLON 39%",N/C20'S ,,,"PD, WR, TB",29,24.04,0.5
WOVEN,Outer,"NYLON 66%, COTTON 34%",N/NC10'S ,,," PD, WR",30,13.939,0.33
WOVEN,Outer,"NYLON 58%, COTTON 42%",N/NC30'S ,,,"PD, 유연",31,25.152,0.53
WOVEN,Outer,"COTTON 63%, NYLON 37%",N/C20'S,,1/2 TWILL,"PD, 표, WR",32,11.869,0.29
WOVEN,Outer,"COTTON 55%, NYLON 45%",N/C30'S/2,,,"PD, WR",33,13.687,0.31
WOVEN,Outer,"NYLON 55%, COTTON 45%",N/C30'S,,,"PD, 표, WR",34,12.778,0.34
WOVEN,Outer,"NYLON 55%, COTTON 45%",N/C30'S,,PLAIN,"PD, WR",35,11.212,0.27
WOVEN,Outer,"NYLON 60%, COTTON 40%",,,RIB,"PD, WR, TB",36,11.667,0.29
WOVEN,Outer," COTTON 59%, POLYESTER 33%, NYLON 8%",,,OTTOMAN,"PD, 유연",50,12.222,0.3
WOVEN,Outer,"POLYESTER 60%, COTTON 25%,  NYLON 10%, POLYURETHANE 5%",NP/C30,,TWILL,"PD, 표, 유연, BIO",57,15.202,0.35
WOVEN,Outer," COTTON 52%, POLYESTER 38%, NYLON 10%",NP/C10'S ,,PLAIN," PD, 표, WR, TB",58,20.354,0.43
WOVEN,Outer," COTTON 45%, POLYESTER 39%, NYLON 16%",NP/C20'S,,PLAIN," PD, 표, WR",60,23.081,0.43
WOVEN,Outer," COTTON 69%, POLYESTER 25%, NYLON 6%",C/PN40'S,,TWILL,"PD, 표, WR",61,18.131,0.4
WOVEN,Outer," POLYESTER 43%, COTTON 39%, NYLON 18%",NP/C30'S,,PLAIN,"PD, 표, WR",64,18.03,0.38
WOVEN,Outer,"COTTON 75%, NYLON 25%",C/N30'S,,2/2 TWILL,"PD, WR",65,15.606,0.33
WOVEN,Outer,"COTTON 68%,  NYLON 29%, POLYURETHANE 3%",C/N20*140,,,"PD, 표, 유연",67,17.424,0.4
WOVEN,Outer,"COTTON 72%,  NYLON 32%, POLYURETHANE 4%",C/N30'S,,TWILL,"PD, 표, WR",69,17.879,0.42
WOVEN,Outer,"COTTON 66%, NYLON 34%",C/N60'S,,STWL,"PD, 표, SET",71,22.677,0.47
WOVEN,Outer,"COTTON 64%, NYLON 32%, POLYURETHANE 4%",C/N40'S SPAN,,DOUBLE,"PD, SET",73,13.838,0.33
WOVEN,Outer,"COTTON 68%, POLYESTER 32%",C/P60'S,,MONO STWL,"PD, 비불",74,19.848,0.44
WOVEN,Outer,"COTTON 66%, RAYON 34%",C/R50'S,,1/3 TWILL,"PD, 표, SET",78,11.465,0.25
WOVEN,Outer,"POLYESTER 51%, NYLON 26%, COTTON 23%",P/NP+C 75*10,,,"PD, WR",80,15.808,0.35
WOVEN,Outer,"NYLON 88%, POLYURETHANE 12%",,,DOUBLE,"PD, 에코",87,28.283,0.62
WOVEN,Outer,POLYESTER 100%,P/P65*75,,,"PD, 비불",89,17.626,0.54
WOVEN,Outer,POLYESTER 100%,P/P75*150,,,"PD, WR",96,11.818,0.24
WOVEN,Outer,"POLYESTER 70%, NYLON 30%",NP/NP50/120,,,"PD, WR",97,17.576,0.35
WOVEN,Outer,"COTTON 70%, NYLON 30%",NP/NP 75*150,,,"PD, 표, WR, TB",98,14.343,0.36
WOVEN,Outer,"POLYESTER 52%, COTTON 48%, ",P/C 100*30,,OTTOMAN,"PD, 유연",99,17.273,0.34
WOVEN,Outer,"POLYESTER 42%, COTTON 58%, ",C/P20'S,,2/2 TWILL,"PD, 표, WR",105,14.949,0.33
WOVEN,Outer,"POLYESTER 42%, COTTON 58%, ",C/P20'S,,2/2 TWILL,"PD, 표, WR",107,18.283,0.38
KNIT,Outer,"CVC(50/50) (Recycle 35%) MVS[50%], CVC(50/50) (Recycle 35%) MVS[50%]",CVC(50/50) (Recycle 35%) MVS 30'S/1[50%]+CVC(50/50) (Recycle 35%) 30'S/1//2[50%],,,,TN-983,41.566,1.18
KNIT,Outer,"CM[45.2%], POLYESTER(FT 30%) MVS[35.2%], POLYESTER[19.6%]",CM10'S/1[45.2%]+P(FT 30%) MVS 30'S/1[35.2%]+P150D/48F/1//2 DTY[19.6%],,,,TN-543,34.495,1.19
KNIT,Outer,"POLYESTER(70/30) (FT 30%) MVS[55.5%], CM[44.5%]",P(70/30) (FT 30%) MVS 30'S/1[55.5%]+CM30'S/1[44.5%],,,,TN-911,29.343,0.93
KNIT,Outer,T/C(65/35) (LM FIT 10%) HUVIS[100%] ,T/C(65/35) (LM FIT 10%) HUVIS 30'S/1[100%] ,,,,TN-139_blue,16.566,0.53
KNIT,Outer,T/C(65/35) (LM FIT 15%) HUVIS[100%] ,T/C(65/35) (LM FIT 15%) HUVIS 30'S/1[100%] ,,,,TN-138,16.414,0.55
KNIT,Outer,T/C(65/35) (LM FIT 20%) HUVIS[100%] ,T/C(65/35) (LM FIT 20%) HUVIS 30'S/1[100%] ,,,,TN-137,16.263,0.56
KNIT,Outer,T/C(65/35) (LM FIT 25%) HUVIS[100%] ,T/C(65/35) (LM FIT 25%) HUVIS 30'S/1[100%] ,,,,TN-136,16.364,0.57
KNIT,Outer,CVC(50/50) (LM FIT 10%) HUVIS[100%] ,CVC(50/50) (LM FIT 10%) HUVIS 30'S/1[100%] ,,,,TN-146,16.061,0.55
KNIT,Outer,CVC(50/50) (LM FIT 20%) HUVIS[100%] ,CVC(50/50) (LM FIT 20%) HUVIS 30'S/1[100%] ,,,,TN-148,15.808,0.55
KNIT,Outer,CVC(50/50) (LM FIT 25%) HUVIS[100%] ,CVC(50/50) (LM FIT 25%) HUVIS 30'S/1[100%] ,,,,TN-149,15.354,0.55
KNIT,Outer,POLYESTER(LM FIT 10%)[100%] ,P(LM FIT 10%) 30'S/1[100%] ,,,,TN-072,15.758,0.47
KNIT,Outer,POLYESTER(LM FIT 15%)[100%] ,P(LM FIT 15%) 30'S/1[100%] ,,,,TN-073,15.202,0.47
KNIT,Outer,POLYESTER(LM FIT 25%) [100%] ,P(LM FIT 25%) 30'S/1[100%] ,,,,TN-075,16.061,0.51
KNIT,Outer,"CM[63.59%], POLYESTER(LM FIT 25%)[36.41%]",CM20'S/1[63.59%]+P(LM FIT 25%) 30'S/1[36.41%],,,,TN-093,23.99,0.8
KNIT,Outer,PE 30/1 (LM FIT 15%) [36.66%] + TC 30/1 (65/35) [36.17%] + DTY 75D/36F/1 [27.18%],,,,,TN-117_black,35.354,1.01
KNIT,Outer,"CVC(50/50) (LM FIT 20%) MVS[62.72%], CVC(50/50)[37.28%]",CVC(50/50) (LM FIT 20%) MVS 28'S/1[62.72%]+CVC(50/50) 20'S/1[37.28%],,,,TN-139_black,24.444,0.77
KNIT,Outer,"RTK[63.4%], POLYESTER[36.6%]",RTK170D/96F SD[63.4%]+P150D/96F DTY[36.6%],,,,TN-204,28.586,0.84
KNIT,Outer,"POLYESTER(MELANISM 10%) MVS[43.83%], CM[21.33%], T/C(65/35)[21.33%], POLYESTER[13.51%]",P(MELANISM 10%) MVS 30'S/1[43.83%]+CM30'S/1[21.33%]+T/C(65/35) 30'S/1[21.33%]+P75D/36F/1 DTY[13.51%],,,MELANISM,TN-634,28.485,0.89
WOVEN,Outer,"COTTON 64%, NYLON 32%, POLYURETHANE4%",,,,,CYSLJ-0108,16.818,0.37
WOVEN,Active,NYLON 100%,N20D*N20D,,,,CYS02,4.242,0.06
WOVEN,Active,NYLON 100%,N20D*N20D,,,,CYS03,3.889,0.08
WOVEN,Active,NYLON 100%,,,,,CYS04,5.303,0.12
WOVEN,Active,POLYESTER 100%,P50D*P50D,,,,CYS11,7.02,0.13
WOVEN,Active,NYLON 100%,N30D*N30D,,,,CYS12,5.202,0.09
WOVEN,Active,NYLON 100%,N20D*N20D,,,,CYS13,5.758,0.08
WOVEN,Active,NYLON 100%,N20D*N21D,,,,CYS14,5,0.1
WOVEN,Active,NYLON 100%,N20D*N22D,,,,CYS15,7.576,0.11
WOVEN,Active,NYLON 100%,N20D*N23D,,,,CYS17,8.838,0.19
WOVEN,Active,POLYESTER 100%,P50D*P50D,,,,CYS18,7.374,0.19
WOVEN,Active,POLYESTER 100%,P50D*P51D,,,,CYS19,10.303,0.17
WOVEN,Active,POLYESTER 100%,P150D*P150D,,,,CYS21,13.283,0.32
WOVEN,Active,POLYESTER 100%,P50D*P51D,,,,CYS22,11.465,0.22
WOVEN,Active,POLYESTER 100%,P75D*P75D,,,,CYS23,14.646,0.32
WOVEN,Active,POLYESTER 100%,P50D*P51D,,,,CYS24,13.182,0.18
WOVEN,Active,POLYESTER 100%,P75D*P75D,,,,CYS26,13.434,0.47
WOVEN,Active,POLYESTER 100%,P75D*P75D,,,,CYS27,11.566,0.3
WOVEN,Active,POLYESTER 100%,P150D*P150D,,,,CYS28,13.889,0.36
WOVEN,Active,POLYESTER 100%,P75D*P75D,,,,CYS29,11.919,0.23
WOVEN,Outer,POLYESTER 100%,P/P75,,,"PD, WR",12,15,0.31
WOVEN,Outer,"COTTON 50%, NYLON 50%",N/C40*60,,PLAIN,"PD, WR",88,8.889,0.23
KNIT,Active,"POLYESTER 92%, POLYURETHANE 8%","P75D/72F DTY(92%), SPAN(8%)",,SINGLE SPAN,,GO-488,14.495,0.48
KNIT,Active,"POLYESTER 92%, POLYURETHANE 8%","CDP85D/96F(92%), SPAN 20D(8%)",,SINGLE,,GO-577P,16.263,0.47
KNIT,Active,"POLYESTER 88%, POLYURETHANE 12%","P75D/72F DTY, PF50D/36F(88%), SP30D(12%)",,EYELET MESH,,GO-663,14.848,0.45
KNIT,Active,"POLYESTER 90%, POLYURETHANE 10%","P75D/72F DTY(74%), PF50D/36F(16%), SP20D(10%)",,,,GO-698PAT,11.97,0.43
KNIT,Active,"POLYESTER(PET/CD) 92%, POLYURETHANE 8%","P30D/24F DTY+CD50D/24F(92%), SP20D(8%)",,,,GO-936,15.354,0.43
KNIT,Active,"POLYETHYLENE(MOKA 39%) 91%, POLYURETHANE 9%","P75D/72F DTY(52%), MOKA.C85D/96F(39%), SP20D(9%)",,,,GO-995PMK-V1,17.677,0.48
KNIT,Active,"POLYESTER 92%, POLYURETHANE 8%","P75D/72F DTY(92%), SP20D(8%)",,,,GO-1005,25.101,0.74
KNIT,Active,"POLYPROPYLENE(XN-LIGHT) 45%, POLYESTER 43%, POLYURETHANE 12%","PP50D/ P30D/72F DTY (67%), PF50D/36F(21%), 저온SP20D(12%)",,,,GO-1142-XN,14.646,0.5
KNIT,Active,"POLYESTER 91%, POLYURETHANE 9%","P75D/72F DTY(85%), SP20D(9%), PF50D/36F(6%)",,,,GO-1191,15.657,0.46
KNIT,Active,"POLYESTER 93%, POLYURETHANE 7%","P75D/72F DTY(93%), SP20D(7%)",,,,GO-1202,26.515,0.66
KNIT,Active,"POLYESTER(COTNA) 92%, POLYURETHANE 8%","COTNA P160D/108F(92%), SP40D(8%)",,양면민자,,GO-1207CN,25.101,0.58
KNIT,Active,"POLYESTER 92%, POLYURETHANE 8%","P75D/72F DTY(92%), SP30D(8%)",,,,GO-1219,16.717,0.46
KNIT,Outer,"POLYESTER 92%, POLYURETHANE 8%","COTNA P160D/144F(92%), SP30D(8%)",,,,GO-1231-BR2,21.515,0.73
KNIT,Active,"POLYESTER 92%, POLYURETHANE 8%","P75D/36F DTY(58%), P50D/36F DTY(37%), SP15D(5%)",,,,GO-1255,22.879,0.71
KNIT,Active,"POLYESTER 90%, POLYURETHANE 10%","P75D/144F DTY(카치온느낌)(45%), P75D/72F DTY(45%), SP20D(10%)",,SINGLE SPAN(카치온느낌),,GO-1576,14.343,0.45
KNIT,Active,"POLYESTER 95%, POLYURETHANE 5%","CD P75D/72F(60%), P50D/72F DTY(35%), SP15D(5%)",,다이아이중지,,GO-1630P-V1,17.727,0.55
KNIT,Active,"POLYESTER 86%, POLYURETHANE 14%","P150D/144F(86%), SP70D(14%)",,SINGLE SPAN,,GO-1699,29.495,0.73
KNIT,Active,"POLYESTER 91%, POLYURETHANE 9%","P150D/144F DTY(91%), SP40D(9%)",,SINGLE SPAN(양도),,GO-1715,24.545,0.63
KNIT,Active,"POLYESTER 89%, POLYURETHANE 11%","P75D/72F DTY(85%), SP30D(11%), PF30D/24F(4%)",,SINGLE SAPN MESH,,GO-1752,14.495,0.46
KNIT,Active,"POLYESTER(ASKIN PRIZMA) 90%, POLYURETHANE 10%","ASKIN PRIZMA P80D/84F(90%), SP20D(10%)",,,,GO-1969ASPL,15.051,0.42
KNIT,Active,"POLYESTER(ASKIN PRIZMA 48%, ASKIN 44%) 92%, POLYURETHANE 8%","ASKIN PRIZMA 80/84(48%), ASKIN 75/36(44%), SP 30D(8%)",,SINGLE SPAN PIQUE,,GO-1988ASPL,14.899,0.43
KNIT,Active,"POLYESTER 85%, POLYURETHANE 15%","P75D/72F DTY(85%), SP30D(15%)",,SINGLE SAPN(양도),,GO-2012,17.475,0.46
KNIT,Active,"POLYESTER 82%, POLYURETHANE 18%","P75D/144F DTY(82%), SP40D(18%)",,SINGLE SAPN(양도),,GO-2073,18.737,0.45
KNIT,Active,"NYLON 78%, POLYURETHANE 22%","N70D/68F(78%), SP55D(22%)",,SINGLE SAPN(양도),,GO-2081N,21.061,0.52
KNIT,Active,"POLYESTER(PRIZMA) 90%, POLYURETHANE 10%","PRIZMA(CDW) P75D/72F(90%), SP30D(10%)",,SINGLE SAPN,MELANGE,GO-2084PPL,13.99,0.44
KNIT,Active,"POLYESTER(PRIZMA 76%) 93%, POLYURETHANE 7%","효성PRIZMA(CDW) P75D/72F(76%), CD P75D/36F(17%), SP20D(7%)",,,,GO-2087PPL,13.333,0.47
KNIT,Active,"POLYESTER 93%, POLYURETHANE 7%","P100D/192F DTY(93%), SP20D(7%)",,,,GO-2124-BR,15.556,0.47
KNIT,Active,"POLYESTER 92%, POLYURETHANE 8%","P150D/144F(92%), SP(8%)",,SINGLE SAPN(양도),,GO-2163,26.515,0.54
KNIT,Active,"POLYESTER 85%, POLYURETHANE 15%","P150D/48F DTY 원착 BLACK(85%), SP70D(15%)",,SINGLE SAPN,원착 BLACK,GO-2237,32.172,0.76
KNIT,Active,"POLYESTER 96%, POLYURETHANE 4%","P75D/36F BRT(56%), CD P150D/48F(40%), SP30D(4%)",,,,GO-2244P-CDP,14.747,0.6
KNIT,Active,"POLYESTER(PRIZMA 38%) 93%, POLYURETHANE 7%","P75D/72F DTY(41%), PRIZMA(CDW) P75D/72F(38%), P30D/24F DTY(14%), SP15D(7%)",,양면 크라운 (양도),,GO-2255PPL,23.182,0.75
KNIT,Active,"POLYESTER 94%, POLYURETHANE 6%","레아 인팅 P80D(73%), CD P75D/36F(21%), SP15D(6%)",,,,GO-2263P-CDP,12.879,0.43
KNIT,Active,"POLYESTER 84%, POLYURETHANE 16%","CDW P55D SINGLE SPAN/ CDW P55D/60F(84%), SP20D(16%)
",,,,GO-2322PL,13.131,0.37
KNIT,Active,"POLYESTER(THERMOLIGHT 45%) 93%, POLYURETHANE 7%","P75D/72F DTY(48%), THERMOLITE P70D/96F(45%), 소취 SP20D(7%)",,,,GO-2332TML,14.444,0.47
KNIT,Active,"POLYESTER(COTNA) 85%, POLYURETHANE 15%","COTNA P80D/72F(85%), SP55D(15%)",,,,GO-2378CN,19.798,0.7
KNIT,Active,"POLYESTER(RECYCLE 100%) MVS[54.55%], POLYESTER(SOFTCOOL)[40.35%], BSY[5.1%]",P(RECYCLE 100%) MVS 30'S/1[54.55%]+P75D/48F/1 DTY(SOFTCOOL)[40.35%]+BSY20D[5.1%],,,,TN-244,24.192,0.73
KNIT,Active,"CM(COMPACT)[93%], BSY(COTTON DYEABLE)[7%]",CM(COMPACT) 40'S/1[93%]+BSY(COTTON DYEABLE)30D[7%],,,,TN-611A,15.253,0.52
WOVEN,Outer,"POLYESTER 92%, POLYURETHANE 8%",,,,,CYSYR-007,18.081,0.38
WOVEN,Outer,"NYLON 93%, POLYURETHANE 7%",,132*90,,,CYSFJ-064,15.253,0.39
WOVEN,Top,"POLYESTER 95%, POLYURETHANE 5%",, 117*93,,,CYSFJ-069P,15.051,0.42
WOVEN,Top,"POLYESTER 95%, POLYURETHANE 5%",,117*93,,,CYSFJ-077,12.273,0.42
WOVEN,Top,"TENCEL 92%, POLYURETHANE 8%",,122*84,,,CYSFJ-055,14.293,0.42
WOVEN,Outer,"NYLON 90%, POLYURETHANE 10%",,144*145,,,CYSZD-0300,13.485,0.44
WOVEN,Top,"NYLON 62%, B 17%, POLYURETHANE 8%",,,,,CYSZD-0341_n,16.061,0.45
WOVEN,Top,POLYESTER 100%,,,,,CYSSY-014,10.101,0.32
WOVEN,Outer,"COTTON 58%, NYLON 38%, POLYURETHANE4%",C40'S*N140D+SP40D,,,,CYSTG-0647,14.495,0.31
WOVEN,Outer,"COTTON 97%, POLYURETHANE 3%",C60'S*50'S+N40D,206*114,,,CYSLJ-0107,14.747,0.29
WOVEN,Top,"NYLON 72%, COTTON 28%",,,,,CYS10,8.939,0.22
WOVEN,Active,POLYESTER 100%,P75D*P75D,,,,CYS16,8.03,0.2
WOVEN,Top,"COTTON 74%, NYLON 26%",C/N80'S,,PLAIN,"PD, 유연",1,8.636,0.21
WOVEN,Active,"COTTON 73%, NYLON 20%, POLYURETHANE 7%",C/N80'S,,PLAIN,"PD, 유연",2,8.283,0.21
WOVEN,Top,"COTTON 64%, POLYESTER 36%",C/P40'S 고신축,,PLAIN,"PD, 유연",9,11.313,0.28
WOVEN,Outer,POLYESTER 100%,,,,"PD, WR",11,14.495,0.34
WOVEN,Top,NYLON 100%,N/N50,,,"PD, 표, WR",14,7.424,0.22
WOVEN,Outer,"NYLON 66%, B 31%, POLYURETHANE 3%",N/NB40 ,,,"PD, 유연, TB",17,12.525,0.29
WOVEN,Active,NYLON 100%,N/N20,,,"PD, WR",20,5.354,0.14
WOVEN,Top,"POLYESTER 46%, NYLON 33%, COTTON 21%",NP/NC80'S,,PLAIN,"PD, WR, TB",38,8.283,0.24
WOVEN,Outer,"NYLON 74%, COTTON 26%",N/NC50'S,,PLAIN,"PD, WR",39,10.96,0.25
WOVEN,Top,"NYLON 54%, COTTON 46%",N/C50'S,,,"PD, WR",40,9.848,0.25
WOVEN,Top,"NYLON 72%, COTTON 28%",N/NC60'S,,STWL,"PD, WR",41,9.697,0.25
WOVEN,Active,"NYLON 53%, COTTON 47%",N/C60'S,,,"PD, WR",43,8.939,0.22
WOVEN,Top,"NYLON 52%, COTTON 48%",N/NP320,,,"PD, 표, 비불, TB",46,18.384,0.41
WOVEN,Top,"POLYESTER 73%, NYLON 27%",,,,"PD, WR, TB",52,12.172,0.3
WOVEN,Top,"COTTON 95%, POLYURETHANE 5%",C80'S*60'S,,1/2 TWILL,"PD, 유연",66,12.071,0.27
WOVEN,Outer,"COTTON 64%, NYLON 36%",C/N60'S*70'S,,2/3 TWILL," PD, WR, TB",76,12.576,0.3
WOVEN,Outer,"COTTON 70%, LINEN 30%",C/L20'S*16'S,,,"PD, SET",84,13.485,0.38
WOVEN,Top,"COTTON 65%, NYLON 35%",C/N60'S,,PLAIN,"PD, WR",86,8.99,0.24
KNIT,Top,POLYESTER 100%,P75D/36F DTY(100%),,양면 담보루,,GO-90,19.596,0.77
KNIT,Top,POLYESTER(PRIZMA) 100%,PRIZMA(CDW) P75D/72F(100%),,,,GO-265PL,16.364,0.64
KNIT,Top,POLYESTER(AEROCOOL 33%) 100%,"CD/P 인팅 150D/72F(67%), AEROCOOL P75D/36F(33%)",,라코스테 PIQUE,,GO-483PAC,13.939,0.56
KNIT,Top,POLYESTER 100%,P75D/72F DTY/ P75D/36F DTY(100%),,,,GO-0622P,20.455,0.81
KNIT,Top,POLYESTER 100%,"P150D/72F DTY(67%), P75D/36F DTY(33%)",,,,GO-641,12.929,0.5
KNIT,Top,"POLYESTER(PRIZMA) 66%, POLYPROPYLENE(XN-LIGHT) 34%","효성 PRIZMA(CDW) P75D/72F(66%), PP50D/24F(34%)",,"DOUBLE, 사카리바",,GO-1256PLPP,13.182,0.6
KNIT,Top,POLYESTER 100%,"P200D/288F DTY(51%), CD P75D/36F(49%)",,양면 사각 기모지 (양도),,GO-1622CDP-BR,22.222,0.83
KNIT,Top,POLYESTER 100%,"레아 인팅 P150D/72F(40%), P150D/96F DTY(40%), P100D/48F DTY(20%)",,단면 카치온 노스판 담보루 (양도),,GO-1642P-CDP,26.667,0.91
KNIT,Top,"POLYESTER 71%, RAYON 29%","T/R(65/35) MVS 30'S/1(82%), P50D/36F DTY(11%), P150D/48F DTY(7%)",,담보루 (양도),,GO-1714T/R,25.101,0.88
KNIT,Top,POLYESTER 100%,"PRIZMA(CDW) 대만수입사 100D/144F(35%), SSY P100D/24F(35%), P200D/288F DTY(30%)",,SINGLE 사선지,,GO-1717,18.283,0.63
KNIT,Top,POLYESTER(PRIZMA 92%) 100%,"PRIZMA(CDW) P75D/72F(92%), CD PF50D/24F(8%)",,SINGLE,,GO-1856PPL,9.899,0.43
KNIT,Top,POLYESTER 100%,"P80D(53%), CD P75D/36F(47%)",,양면 사각 카치온,,GO-2097P-CDP,14.495,0.6
KNIT,Top,"POLYESTER 79%, COTTON 21%","P100D/48F DTY(62%), CM C30'S/1(MG 바트60%)(21%), P150D/144F DTY(17%)",,DOUBLE CORDUROY(양도),,GO-2201C,22.323,0.95
KNIT,Top,POLYESTER 100%,P75D/36F DTY(100%),,,,GO-172,14.293,0.44
KNIT,Top,"POLYESTER(RECYCLE 100%) MVS[74.42%], POLYESTER(SOFTCOOL)[25.58%]",P(RECYCLE 100%) MVS 30'S/1[74.42%]+P75D/48F/1 DTY(SOFTCOOL)[25.58%],,,,TN-245,18.434,0.73
KNIT,Top,"POLYESTER(RECYCLE 100%) MVS[57.09%], POLYESTER( SOFTCOOL)[21.31%], CM MVS[21.6%]",P(RECYCLE 100%) MVS 30'S/1[57.09%]+CM MVS 30'S/1[21.6%]+P75D/48F/1 DTY(SOFTCOOL)[21.31%],,,,TN-202,19.141,0.795
KNIT,Top,"POLYESTER(RECYCLE 100%) MVS[50%], T/C(65/35) MVS[50%]",P30/1(RECYCLE 100%) MVS[50%]+T/C30'S/1(65/35) MVS[50%],,,,TN-238,26.313,0.77
KNIT,Outer,"T/C(65/35) (RECYCLE 35%)[48.59%], T/C(65/35) (RECYCLE 35%) MVS[42.94%], POLYESTER[8.47%]",T/C(65/35) (RECYCLE 35%) 10'S/1[48.59%]+T/C(65/35) (RECYCLE 35%) MVS 30'S/1[42.94%]+P50D/72F/1 DTY[8.47%],,,,TN-200TK,28.485,1.13
KNIT,Top,"CVC(50/50) (RECYCLE 35%) MVS-Unifi[95.95%], BSY[4.05%]",CVC(50/50) (RECYCLE 35%) MVS-Unifi 30'S/1[95.95%]+BSY30D[4.05%],,,,TN-232,25.556,0.79
KNIT,Top,CVC(50/50) (Re-PE 35%) MVS[100%] ,CVC(50/50) (Re-PE 35%) MVS 20'S/1[100%] ,,,,TN-248,16.97,0.62
KNIT,Top,"CVC(50/50) (Re-PE 35%) MVS[93.7%], BSY[6.3%]",CVC(50/50) (Re-PE 35%) MVS 40'S/1[93.7%]+BSY30D[6.3%],,,,TN-262,16.919,0.64
KNIT,Top,POLYESTER(Recycle 100%) MVS[100%] ,P(Recycle 100%) MVS 30'S/1[100%] ,,,,TN-614,14.596,0.46
KNIT,Top,T/C(65/35) (Recycle 35%) MVS[100%] ,T/C(65/35) (Recycle 35%) MVS 30'S/1[100%] ,,,,TN-910,17.071,0.54
KNIT,Top,CVC(50/50) (Recycle 35%) MVS[100%] ,CVC(50/50) (Recycle 35%) MVS 30'S/1[100%] ,,,,TN-912,16.515,0.55
KNIT,Outer,"CVC(50/50) (Recycle 35%) MVS[72.7%], POLYESTER[27.3%]",CVC(50/50) (Recycle 35%) MVS 30'S/1[72.7%]+P300D/192F/1 DTY[27.3%],,,,TN-977,30.859,1.12
KNIT,Outer,"CM[43.98%], T/C(65/35) (Recycle 35%)[31.29%], POLYESTER(Recycle 100%) MVS[24.73%]",CM20'S/1[43.98%]+T/C(65/35) (Recycle 35%) 10'S/1[31.29%]+P(Recycle 100%) MVS 30'S/1[24.73%],,,,TN-848,31.111,1.03
KNIT,Top,"CM[63.72%], POLYESTER[36.28%]",CM40'S/1[63.72%]+P75D/72F/1 Bio-DTY[36.28%],,,,TN-297,18.788,0.54
KNIT,Top,"CVC(50/50) (BP 50%) MVS[63.1%], POLYESTER(SOFTCOOL)[33.52%], BSY[3.38%]",CVC(50/50) (BP 50%) MVS 40'S/1[63.1%]+P75D/48F/1 DTY(SOFTCOOL)[33.52%]+BSY20D[3.38%],,,,TN-198,20.808,0.64
KNIT,Top,POLYESTER (BP 100%) MVS[100%] ,P(BP 100%) MVS 30'S/1[100%] ,,,,TN-448,15.253,0.48
KNIT,Top,T/C(65/35) (BP 65%) MVS[100%] ,T/C(65/35) (BP 65%) MVS 30'S/1[100%] ,,,,TN-436,16.263,0.52
KNIT,Top,CVC(50/50) (BP 50%) MVS[100%] ,CVC(50/50) (BP 50%) MVS 30'S/1[100%] ,,,,TN-435,16.111,0.52
KNIT,Top,"ECO-T/R(65/35) (RE-POLYESTER 35%, RE-VISCOSE RAYON 35%) MVS[100%] ","ECO-T/R(65/35) (RE-POLYESTER 35%, RE-VISCOSE RAYON 35%) MVS 30'S/1[100%] ",,,,TN-229_g,16.465,0.47
KNIT,Top,"ECO-T/R(65/35) (BIO-POLYESTER 30%, RE-VISCOSE RAYON 35%) MVS[100%] ","ECO-TR(65/35) (BIO-POLYESTER 30%, RE-VISCOSE RAYON 35%) MVS 30'S/1[100%] ",,,,TN-230,15.404,0.47
KNIT,Top,"ECO-R/T(60/40) (RE-VISCOSE RAYON 60%, BIO-POLYESTER 40%) MVS[100%] ","ECO-R/T(60/40) (RE-VISCOSE RAYON 60%, BIO-POLYESTER 40%) MVS 30'S/1[100%] ",,,,TN-239,14.343,0.45
KNIT,Top,ECO-VISCOSE(65/35) (RE-VISCOSE RAYON 35%) MVS[100%] ,ECO-VISCOSE(65/35) (RE-VISCOSE RAYON 35%) MVS 30'S/1[100%] ,,,,TN-242,14.444,0.46
KNIT,Top,"ECO-T/R(65/35) (Y-POLYESTER 35%, RE-VISCOSE RAYON 35%) MVS[94.44], POLYESTER(Y-POLYESTER 100%) MVS[5.56%]","ECO-T/R(65/35) (Y-POLYESTER 35%, RE-VISCOSE RAYON 35%) MVS 30'S/1[94.44]+P(Y-POLYESTER 100%) MVS 30'S/1[5.56%]",,,,TN-378,24.293,0.73
KNIT,Top,CM 32/1 NC 118 [100%] ,,,,,TN-715,13.99,0.51
KNIT,Top,CM 32/1 NC #158 [30%] + CM 32/1 NC #136 [35%] + CM 32/1 NC #118 [35%],,,,,TN-883,24.141,0.8
KNIT,Top,CM 32/1 ML DC005 [100%] ,,,,,TN-732,14.394,0.52
KNIT,Top,R/MICRO A(70/30) MVS[100%] ,R/MICRO A(70/30) MVS 30'S/1[100%] ,,,,TN-604,15.152,0.48
KNIT,Top,"R/MICRO A(70/30) MVS[50%], RAYON MVS[50%]",R/MICRO A(70/30) MVS 30'S/1[50%]+RAYON MVS 30'S/1[50%],,,,TN-606,15.303,0.46
KNIT,Top,"R/MICRO A(70/30) MVS[96.4], BSY[3.6%]",R/MICRO A(70/30) MVS 30'S/1[96.4]+BSY20D[3.6%],,,,TN-610,21.414,0.56
KNIT,Top,"R/MICRO A(70/30) MVS[97.25], BSY[2.75%]",R/MICRO A(70/30) MVS 30'S/1[97.25]+BSY30D[2.75%],,,,TN-608,26.667,0.73
KNIT,Outer,"T/MICRO A(70/30)/POLYESTER(402 T/M)[57.64%], POLYESTER[23.23%], CM[19.13%]",T/MICRO A(70/30)30'S/1/P30'S/1 (402 T/M)[57.64%]+P30'S/1[23.23%]+CM16'S/1[19.13%],,,,TN-856,32.879,0.94
KNIT,Top,T/A(70/30)[100%] ,T/A(70/30) 30'S/1[100%] ,,,,TN-537,26.919,0.73
KNIT,Outer,"T/C(65/35) (MELANISM 15%) MVS[82.87%], T/MICRO(70/30)[17.13%]",T/C(65/35) (MELANISM 15%) MVS 20'S/1[82.87%]+T/MICRO A(70/30) 20'S/1[17.13%],,,,TN-620,34.949,1.13
KNIT,Top,"A/T(50/50) (MICRO ACRYL 50%, O-TYPE 50%) MVS[75.53%], POLYESTER[24.47%]","A/T(50/50) (MICRO ACRYL 50%, O-TYPE 50%) MVS 40'S/1[75.53%]+P150D/144F/1 DTY[24.47%]",,,,TN-858,24.545,0.76
KNIT,Outer,"POLYESTER(MICRO 70%, FT 30%) MVS[61.98%], CM[38.02%]","P(MICRO 70%, FT 30%) MVS 30'S/1[61.98%]+CM10'S/1[38.02%]",,,,TN-823,29.798,1.11
KNIT,Outer,"R/T(70/30) (FT 30%) MVS[63.2%], CVC(60/40)[36.8%]",R/T(70/30) (FT 30%) MVS 30'S/1[63.2%]+CVC(60/40) 10'S/1[36.8%],,,,TN-826,32.374,1.17
KNIT,Top,"RAYON MVS[50.6%], R/T(70/30) (FT 30%) MVS[49.4%]",R MVS 30'S/1[50.6%]+R/T(70/30) (FT 30%) MVS 30'S/1[49.4%],,,,TN-622,29.444,0.92
KNIT,Top,"POLYESTER(FT 30%) MVS[74.89%], T/C(65/35) MVS[25.11%]",P(FT 30%) MVS 30'S/1[74.89%]+T/C(65/35) MVS 30'S/1[25.11%],,,,TN-953,24.646,0.81
KNIT,Outer,"T/A(70/30) MVS[51.56%], POLYESTER(FT 30%) MVS[38.48%], POLYESTER[9.96%]",T/A(70/30) MVS 30'S/1[51.56%]+P(FT 30%) MVS 16'S/1[38.48%]+P50D/36F/1 DTY[9.96%],,,,TN-615,26.162,0.95
KNIT,Top,"R/T(50/50) (O-TYPE 50%) MVS[94.74%], BSY[5.26%]",R/T(50/50) (O-TYPE 50%) MVS 40'S/1[94.74%]+BSY20D[5.26%],,,,TN-546,17.071,0.49
KNIT,Top,R/T 40/1 (50/50) (O-TYPE 50%) MVS + PE 40/1 MVS + R/T 26/1 (50/50) (O-TYPE 50%) MVS,,,,,TN-853,24.747,0.82
KNIT,Top,R/T(50/50) (O-TYPE 50%) MVS[100%] ,R/T(50/50) (O-TYPE 50%) MVS 26'S/1[100%] ,,,,TN-906,22.98,0.8
KNIT,Top,"R/T(50/50) (O-TYPE 50%) MVS[73.13%], CM[26.87%]",R/T 40/1 (50/50) (O-TYPE 50%) MVS [73.13%]+CM 30/1 [26.87%],,,,TN-850,23.99,0.77
KNIT,Top,"R/T(50/50) (O-TYPE 50%) MVS[73.13%], CM[26.87%]","R/T(50/50) (O-TYPE 50%) MVS 40'S/1[73.13%], CM30'S/1[26.87%]",,,,TN-851,24.293,0.86
KNIT,Outer,"CM[46.42%], TC(65/35) (O-TYPE 65%) MVS[43.77%], ISCRA[9.81%]",CM10'S/1[46.42%]+TC(65/35) (O-TYPE 65%) MVS 30'S/1[43.77%]+ISCRA50D/24F/1[9.81%],,,,TN-394,24.646,1.11
KNIT,Top,C/W(90/10)[100%] ,C/W30'S/1(90/10)[100%] ,,,,TN-534,16.111,0.49
KNIT,Outer,"T/W(90/10)[63.1%], CM[36.9%]",T/W30'S/1(90/10)[63.1%]+CM10'S/1[36.9%],,,,TN-820,32.323,1.03
KNIT,Outer,"CM[43.7%], T/W(90/10)[40.64%], ISCRA-S[15.66%]",CM10'S/1[43.7%]+T/W30'S/1(90/10)[40.64%]+ISCRA-S75D/24F/1[15.66%],,,,TN-310,31.212,1.18
KNIT,Outer,"C/W(90/10) MVS[49.74%], TC(65/35)[35.56%], POLYESTER[14.7%]",C/W(90/10) MVS 30'S/1[49.74%]+TC(65/35) 16'S/1[35.56%]+P75D/36F/1 DTY[14.7%],,,,TN-722,27.576,1.04
KNIT,Top,"RAYON SIRO[46.47%], A/R(60/40) SIRO[46.47%], BSY[7.06%]",R SIRO 40'S/1[46.47%]+A/R(60/40) SIRO 40'S/1[46.47%]+BSY30D[7.06%],,,,TN-1113A,20.404,0.58
KNIT,Outer,CVC 40/1 (60/40) + DTY 65D/144F/1 HSC[14.3%] + CM 20/1,,,,,TN-679,24.697,1.15
KNIT,Outer,"CVC(60/40)[45%], VPEPVA[40.5%], ISCRA[14.5%]",CVC(60/40)10'S/1[45%]+VPEPVA30'S/1[40.5%]+ISCRA-S75D/24F[14.5%],,,,TN-117_n,32.222,1.15
KNIT,Outer,"CM[44.95%], CM[41.26%], ISCRA-S[13.79%]",CM10'S/1[44.95%]+CM30'S/1[41.26%]+ISCRA-S75D/24F[13.79%],,,,TN-439,37.374,1.7
KNIT,Outer,"CVC(50/50) (AIR FIT 10%) MVS[77.16%], CM[22.84%]",CVC(50/50) (AIR FIT 10%) MVS 30'S/1[77.16%]+CM20'S/1[22.84%],,,,TN-289,25.354,0.98
KNIT,Top,"POLYESTER/CUPRA(AIR FIT 20%, CUPRA 24%) MVS[100%] ","P/CUPRA(AIR FIT 20%, CUPRA 24%) MVS 30'S/1[100%] ",,,,TN-690,22.02,0.65
KNIT,Top,"CVC(50/50) (AIR FIT 10%) MVS[71.71%], POLYESTER[28.29%]",CVC(50/50) (AIR FIT 10%) MVS 30'S/1[71.71%]+P75D/36F/1 DTY[28.29%],,,,TN-11,21.01,0.59
KNIT,Top,T/C(65/35) (AIR FIT 10%) MVS[100%] ,T/C(65/35) (AIR FIT 10%) MVS 30'S/1[100%] ,,,,TN-21,18.232,0.7
KNIT,Top,CVC(50/50) (AIR FIT 10%) MVS/POLYESTER(48.50%) (402 T/M)[100%] ,CVC(50/50) (AIR FIT 10%) MVS 30'S/1 / P(48.50%) 30'S/1(402 T/M)[100%] ,,,,TN-116,18.384,0.62
KNIT,Top,T/C(65/35) (AIR FIT 10%) MVS[100%] ,T/C(65/35) (AIR FIT 10%) MVS 30'S/1[100%] ,,,,TN-229_y,14.444,0.53
KNIT,Top,CVC(50/50) (AIR FIT 10%) MVS[100%] ,CVC(50/50) (AIR FIT 10%) MVS 30'S/1[100%] ,,,,TN-231,13.485,0.52
KNIT,Top,VPEPVA(85/15)[100%] ,VPEPVA(85/15) 30'S/1[100%] ,,,,TN-64,13.434,0.44
KNIT,Top,VPEPVA(85/20)[100%] ,VPEPVA(85/20) 30'S/1[100%] ,,,,TN-211,12.02,0.41
KNIT,Top,T/C(65/35) (LM FIT 5%) HUVIS[100%] ,T/C(65/35) (LM FIT 5%) HUVIS 30'S/1[100%] ,,,,TN-140,16.313,0.53
KNIT,Top,CVC(50/50) (LM FIT 5%) HUVIS[100%] ,CVC(50/50) (LM FIT 5%) HUVIS 30'S/1[100%] ,,,,TN-145,15.859,0.53
KNIT,Top,POLYESTER(LM FIT 5%)[100%] ,P30'S/1(LM FIT 5%)[100%] ,,,,TN-071,15.556,0.44
KNIT,Top,VISCOSE RAYON(HIGH STRENGTH)[100%] ,R30'S/1(HIGH STRENGTH)[100%] ,,,,TN-716,14.545,0.47
KNIT,Top,T/R(65/35) (HIGH STRENGTH)[100%] ,T/R(65/35)30'S/1 (HIGH STRENGTH)[100%] ,,,,TN-718,14.141,0.45
KNIT,Top,POLYESTER[100%] ,P30'S/1 SLUB[100%] ,,,,TN-60,14.596,0.48
KNIT,Top,POLYESTER[100%] ,P30'S/1 FD SLUB[100%] ,,,,TN-61,13.232,0.46
KNIT,Top,MICRO POLYESTER[100%] ,MICRO P40'S/1 FD SLUB[100%] ,,,,TN-001,11.667,0.43
KNIT,Top,"TTK[57.5%], POLYESTER[42.5%]",TTK85D/72F SD[57.5%]+P75D/72F DTY[42.5%],,,,TN-206,16.869,0.57
KNIT,Top,"POLYESTER[38.52%], T/C/R(50/37/13)[34.55%], POLYESTER[26.93%] ",P10'S/1[38.52%]+T/C/R30'S/1(50/37/13)[34.55%]+P30'S/1[26.93%],,,,TN-283,33.737,1
KNIT,Top,C/T/R(55/34/11)[100%] ,C/T/R30'S/1(55/34/11)[100%] ,,,,TN-241,13.939,0.55
KNIT,Outer,"CVC(60/40)[38.4%], C/T/R(55/34/11)[33.8%], CM[27.8%]",CVC10'S/1(60/40)[38.4%]+C/T/R30'S/1(55/34/11)[33.8%]+CM30'S/1[27.8%],,,,TN-284,34.444,1.26
KNIT,Top,"CM(TRANSDRY)[50%], CM[50%]",CM40'S/2(402T/M)(TRANSDRY)[50%]+CM40'S/2(402T/M)[50%],,,,TN-706,22.222,0.85
KNIT,Top,"CM[59%], CM(TRANSDRY)[21%], CM[20%]",CM20'S/1[59%]+CM30'S/1(TRANSDRY)[21%]+CM30'S/1[20%] ,,,,TN-743,22.727,0.79
KNIT,Top,"POLYESTER(MELANISM 5%) MVS[60.41%], VPE[37.5%], BSY[2.09%]",P(MELANISM 5%) MVS 30'S/1[60.41%]+VPE30'S/1[37.5%]+BSY30D[2.09%],,,,TN-249,20.556,0.61
KNIT,Top,TC 30/1 (65/35) (MELANISM 15%) MVS + DTY 150D/48F/1 (CD 100%) + DTY 75D/72F/1 (CD 100%),,,,,TN-300,25.303,0.71
KNIT,Outer,"CVC(55/45) (MELANISM 15%) MVS[54.88%], CVC(60/40)[33.99%], POLYESTER[11.13%]",CVC(55/45) (MELANISM 15%) MVS 20'S/1[54.88%]+CVC(60/40) 10'S/1[33.99%]+P75D/36F/1 DTY[11.13%],,,,TN-307,28.939,1.09
KNIT,Top,"POLYESTER(AIR FIT 15%, MELANISM 5%) MVS[100%] ","P(AIR FIT 15%, MELANISM 5%) MVS 30'S/1[100%] ",,,,TN-352,13.687,0.43
KNIT,Top,POLYESTER(MELANISM 15%) MVS[100%] ,P(MELANISM 15%) MVS 40'S/1[100%] ,,,,TN-138,17.121,0.62
KNIT,Top,CVC(55/45) (MELANISM 5%) MVS[100%] ,CVC(55/45) (MELANISM 5%) MVS 30'S/1[100%] ,,,,TN-184,16.717,0.53
KNIT,Top,POLYESTER(MELANISM 5%) MVS[100%] ,P(MELANISM 5%) MVS 30'S/1[100%] ,,,,TN-424,15.859,0.46
KNIT,Top,"T/C(65/35) (Melanism 15%) MVS[50%], CM[50%]",T/C(65/35) (Melanism 15%) MVS 20'S/1[50%]+CM20'S/1 SLUB[50%],,,,TN-067,19.242,0.62
KNIT,Top,"POLYESTER/CUPRA(AIR FIT 20%, CUPRA 24%) MVS[100%] ","P/CUPRA(AIR FIT 20%, CUPRA 24%) MVS 20'S/1[100%] ",,,,TN-709,20.909,0.71
KNIT,Top,T/R(65/35) MVS[100%] ,T/R(65/35) MVS 30'S/1[100%] ,,,,TN-708,15.101,0.5
WOVEN,Top,"NYLON 93%, POLYURETHANE 7%",N20D*N40D+SP20D,,,,CYSYR-630-1,7.929,0.27
WOVEN,Active,NYLON 100%,N20D*N20D,,,,CYS01,3.687,0.08
WOVEN,Top,NYLON 100%,N20D*N20D,,,,CYS05,4.899,0.1
WOVEN,Top,NYLON 100%,N40D*N40D,,,,CYS06,6.566,0.19
WOVEN,Top,NYLON 100%,N40D*N41D,,,,CYS07,6.263,0.17
WOVEN,Top,NYLON 100%,N40D*N42D,,,,CYS08,7.576,0.19
WOVEN,Top,"POLYESTER 90%, POLYURETHANE 10%",,,,,CYS20,11.97,0.31
WOVEN,Top,"NYLON 77%, COTTON 23%",N/NC80'S,,PLAIN,"PD, WR",37,8.131,0.22
WOVEN,Top,"NYLON 54%, COTTON 42%, POLYURETHANE 4%",N/NC80'S SPAN,,,"PD, 유연",42,6.162,0.2
WOVEN,Top,"COTTON 52%, RAYON 33%, LINEN 15%",,,DOBBY,"PD, 유연",72,12.778,0.43
WOVEN,Top,"COTTON 58%, NYLON 36%, POLYURETHANE 6%",C/N50'S,,,"BIO, PD, 유연",75,11.717,0.3
WOVEN,Outer,POLYESTER 100%,,,SATIN,"PD, WR",93,19.141,0.33
WOVEN,Outer,,,,,,SOF_20ss_스커트01-PINK,22.323,0.64
WOVEN,Top,,,,,,SOF_20ss_스커트01-SKY,15.96,0.4
WOVEN,Top,,,,,,SOF_20ss_스커트02,17.172,0.42
KNIT,Outer,,,,,,SOF_20ss_맨투맨01,28.131,0.8
KNIT,Top,,,,,,SOF_20ss_티셔츠1-1-SKY,20.657,0.54
KNIT,Top,,,,,,SOF_20ss_티셔츠1-1-YELLOW,21.162,0.56
KNIT,Top,,,,,,SOF_20ss_티셔츠1-2,21.414,0.55
KNIT,Top,,,,,,SOF_20ss_티셔츠02,20.253,0.58
WOVEN,Outer,NYLON 48% COTTON 52%,"N/F 210D SD X 2PLY , CM 20's X 2PLY",52*43,OXFORD,"PEACH, WR, Pu, A/WS",NC 210D OXFORD SD,19.141,0.46
WOVEN,Outer,POLYESTER 100%,P75 FD DTY * P150 FD DTY 2P,130*53,,"PD, WR, Pu",FD POSLAN,12.475,0.27
WOVEN,Outer,NYLON 100%,N70D FD * N160D FD ATY,160*72,,"WR, PU",SUPPLEX PU,10.505,0.25
KNIT,Outer,POLYESTER 96% POLYURETHANE 4%,,,,,AMS-7048,27.475,0.85
KNIT,Outer,POLYESTER 97% POLYURETHANE 3%,,,,side fleece (heather fleece),AMS-7048A,30,0.92
KNIT,Outer,POLYESTER 97% POLYURETHANE 3%,,,,fleece,AMS-7048S,30.606,1.02
KNIT,Outer,POLYESTER 91% POLYURETHANE 9%,,,,Spacer fabric with heather,AMS-8189,28.434,1.18
KNIT,Outer,"앞면: POLYESTER 84% POLYURETHANE 16%, 뒷면: POLYESTER 100%",,,jacquard,bonding finish,AMS-8261,36.869,1.83
KNIT,Outer,NYLON 95% POLYURETHANE 5%,,,"DOUBLE, JACQUARD","BRUSHING, COMB, FLEECE, DOUBLE DYE",F9398,29.646,1.18
KNIT,Outer,POLYESTER 100%,,,,,ST-170060,30.758,1.05
WOVEN,Active,NYLON 100%,N/F 30D BRT * N/F 43D BRT + N/F 70D BRT 2PLY,,,"PD, WR, SILICONE CIRE",SB-CN30 BRT,5,0.15
WOVEN,Active,NYLON 100%,N15D * N15D,204*204,,"GH, WR, PU, 실리콘",SB-FB 400,3.737,0.12
WOVEN,Active,NYLON 100%,N/F 20 BRT * N/F 20 BRT + N/F 70SD,205*175,,SPY SILVER,SB-HK S105S,4.899,0.11
WOVEN,Active,NYLON 91% POLYURETHANE 9%,N30D FD * N30D FD + PU20,212*132,,"PD, WR",SB-H7013,6.717,0.2
WOVEN,Active,NYLON 87% POLYESTER 13%,NF/20D SD + NP80 ITY SD * N/F 20D SD + NP80 ITY SD,226*160,Ripstop,"WR, Tpu",SB-I2080 R/S Tpu,7.172,0.2
WOVEN,Active,POLYESTER 100%,P DTY 30 SD * P DTY 30D (고신축),190*152,STELLA,"PD, WR, Pu",SB-P30 STELLA,5.505,0.18
WOVEN,Active,NYLON 100%,N15 DTY SD * N15 DTY SD,242*218,Ripstop,"PD, WR, Pu",SB-SAM RIS,4.343,0.12
WOVEN,Active,NYLON 100%,N/F 10 BRT * N/F 10 BRT,242*236,,"PD, WR, SILICONE",SB-SH 1992,2.576,0.05
WOVEN,Active,POLYESTER 100%,P/F 75/48 FD DTY(MS) * P/F 75/48 FD DTY(MS),140*142,,"PD, WR",SB-UQ75FD,11.061,0.35
WOVEN,Active,NYLON 100%,N/F 20D SD * N/F 20D SD,215*178,,"WR, DOWN PROOF, CIT",SB-YF 25,3.788,0.08
WOVEN,Active,NYLON 45% COTTON 55%,P/F 70D FD * CM 30S,194*97,TWILL,"PD, WR",NC 30's 1/3 TWILL FD-3,13.586,0.29
WOVEN,Active,NYLON 100%,N/F 20FD * N/F 45/48 FD ATY (REGEN),230*170,,"PD, WR, WS+A/WS",NEW 2045 TASLAN,6.061,0.17
WOVEN,Active,NYLON 100%,N/F 40FD DTY * N/F 40FD DTY 66,160*114,,"PD, WR",A44PL,5.909,0.19
WOVEN,Active,POLYESTER 100%,P/DTY50D 잠재권축사*P/DTY50D 잠재권축사,164*138,,"PD, WR",H4410,9.646,0.31
WOVEN,Active,NYLON 90% POLYURETHANE 10%,N50+PU20 * N50+PU20+N75 (중공사),,,"PD, WR",NA5005,11.768,0.36
WOVEN,Active,NYLON 100%,N/F 20FD * N/F 20FD,178*170,,"PD, WR, DP, C/T",FD 410T,3.737,0.08
WOVEN,Active,NYLON 66% POLYESTER 34%,N/F 30/34 FD * NPI 50*44 SD,168*126,,"PD, WR, DP, CT",R1602 DP,5.202,0.1
KNIT,Active,NYLON 90% POLYURETHANE 10%,,,,,AMS-8794,20.859,0.53
KNIT,Outer,NYLON 49% POLYESTER 43% POLYURETHANE 8%,,129*200,,,SFY392,21.364,0.79
WOVEN,Top,NYLON 29% COTTON 71%,N/F 70D SD * CM 20'S,114*70,PLAIN,WR,NC 20 PLAIN,11.818,0.28
WOVEN,Top,COTTON 47% POLYESTER 33% WOOL 20%,,98*80,,2-SIDE BRUSH,CB204415-101,14.293,0.42
WOVEN,Outer,,,,,,1. 25리,22.98,0.49
WOVEN,Outer,,,,,,2. 40리,17.879,0.41
WOVEN,Outer,,,,,,4. 40리 TM,18.687,0.49
WOVEN,Outer,,,,,,8. 모시,8.838,0.32
WOVEN,Outer,,,,,,11. 깐졸리,15,0.36
WOVEN,Outer,,,,,,16. 60'S 사틴,14.545,0.3
WOVEN,Outer,,,,,,17. 엘레강수82(크레이프),7.576,0.31
WOVEN,Outer,,,,,,18. 모모,33.081,1.6
WOVEN,Outer,,,,,,19. 헤어지지미,45,1.83
WOVEN,Outer,,,,,,20. 브리티쉬,48.384,1.85
WOVEN,Outer,,,,,,21. 멜버른,50.505,1.98
WOVEN,Outer,,,,,,22. 헤어글렌,27.121,1.06
WOVEN,Outer,,,,,,23. 타마시,45.556,2.25
KNIT,Outer,,,,,,26. 71701 (이중저지),21.414,0.83
KNIT,Outer,,,,,,28. 30수 스판 양면피치,33.232,1.04
KNIT,Outer,,,,,,블러썸쮸리,43.889,1.3
KNIT,Outer,,,,,,슈프림싱글,37.071,0.8
KNIT,Outer,,,,,,스너그,25.758,0.97
KNIT,Outer,,,,,,아크네쮸리,43.687,1.31
KNIT,Outer,,,,,,에로우인터록,41.364,1.03
KNIT,Outer,,,,,,조이3단쮸리,38.434,1.38
KNIT,Outer,,,,,,챔피온쮸리,35.909,1.31
WOVEN,Outer,,,,,,10.오가닉 60's,12.273,0.29
WOVEN,Outer,,,,,,12. 쿨스판,16.162,0.33
WOVEN,Outer,,,,,,13. 민들레,13.687,0.47
WOVEN,Outer,,,,,,14. 크리즈인견,8.485,0.22
WOVEN,Outer,,,,,,15.몬테스코팅,6.364,0.17
WOVEN,Outer,,,,,,24.진흙,7.677,0.21
WOVEN,Outer,,,,,,25.서랑,7.172,0.2
KNIT,Active,,,,,,27. 오가닉코튼 60수,15.606,0.52
KNIT,Active,,,,,,리즈싱글,8.687,0.39
KNIT,Active,,,,,,마들렌스판,15.455,0.55
KNIT,Active,,,,,,아델후라스판,23.283,0.86
KNIT,Active,,,,,,아토믹60스판,16.414,0.5
KNIT,Active,,,,,,아토믹60싱글,9.242,0.38
KNIT,Active,,,,,,애플스판,16.717,0.54
WOVEN,Outer,,,,,,3. 60리,13.232,0.35
WOVEN,Outer,,,,,,5. 60리 TM,12.677,0.41
WOVEN,Outer,,,,,,6. 라미60NM,8.788,0.25
WOVEN,Outer,,,,,,9. 엘레강스44,9.343,0.27
KNIT,Top,,,,,,셀린,17.071,0.58
KNIT,Top,,,,,,스투시20싱글,20.404,0.57
KNIT,Top,,,,,,아델스판,14.242,0.59
KNIT,Top,,,,,,아토믹40싱글,15.404,0.53
KNIT,Top,,,,,,애플30싱글,14.697,0.48
KNIT,Top,,,,,,애플골지스판,21.717,0.67
KNIT,Top,,,,,,조이20싱글,18.788,0.61
KNIT,Top,,,,,,조이30싱글,18.788,0.54
